"_id","fullName","email","address","phoneNumber","addressNumber"
"629fdcaaa7c3af27c914714f","Nakia Towne","Melissa.Stamm84@hotmail.com","Leuschke Mountain","976-271-2917",57
"629fdcaba7c3af27c9147151","Camila Cassin","Chelsie69@hotmail.com","Jenkins Mountain","812.868.8656",77
"629fdcada7c3af27c9147153","Carroll Dibbert","Wanda.Spinka91@yahoo.com","Legros Vista","607-597-0459 x487",88
"629fdcaea7c3af27c9147156","Shea Dickinson","Matilda30@hotmail.com","Cyrus Inlet","1-699-342-9893",94
"629fdcafa7c3af27c9147158","Patsy Crist","Curt67@hotmail.com","Angelica Trail","(943) 744-1093",70
"629fdcb1a7c3af27c914715a","Winona Pfannerstill","Savanah_Schuppe57@yahoo.com","Beatty Lake","(449) 628-0465 x38423",41
"629fdcb2a7c3af27c914715c","Myah Bruen","Otis.Gerhold69@hotmail.com","Corwin Fall","745.882.5349 x50901",47
"629fdcb3a7c3af27c914715e","Kameron Hilll","Courtney25@hotmail.com","Quigley Point","1-711-897-4876 x61061",75
"629fdcb5a7c3af27c9147160","Tiffany Purdy","Yadira.Fay@hotmail.com","Wuckert Plaza","751-614-6188 x983",53
"629fdcb6a7c3af27c9147162","Melisa Littel","Delfina_Nikolaus91@hotmail.com","Lehner Drives","(907) 591-1801 x28684",37
"629fdce7a7c3af27c9147164","Hettie Waters","Laney_Klein52@yahoo.com","Avery Center","(839) 214-5465",18
"629fdce9a7c3af27c9147166","Dane Zemlak","Jessie_Adams@yahoo.com","Carroll Shoal","1-510-718-8920",73
"629fdceaa7c3af27c9147168","Treva Jenkins","Asa36@yahoo.com","Evans Via","837-757-3113 x4926",51
"629fdceba7c3af27c914716a","Timmy Prosacco","Scarlett80@gmail.com","Jaskolski Light","521-491-1157",62
"629fdceda7c3af27c914716d","Lulu Lowe","Myrtle.Beahan@hotmail.com","Romaguera Crest","496-478-8457 x3778",35
"629fdcefa7c3af27c914716f","Barton Gleichner","Isidro.McDermott66@gmail.com","Hailie Well","412.654.3052 x6113",72
"629fdcf1a7c3af27c9147171","Naomie Friesen","Madie19@yahoo.com","Marvin Fields","723-587-5258 x126",65
"629fdcf2a7c3af27c9147173","Erich Bergnaum","Billie56@yahoo.com","Schaefer Glen","1-437-668-6713",46
"629fdcf3a7c3af27c9147175","Sean Predovic","Maureen_Gerlach10@hotmail.com","White Greens","1-399-902-9378 x8604",9
"629fdcf5a7c3af27c9147177","Jedidiah Gulgowski","Rogelio52@gmail.com","Josefa Spring","398-334-3387",87
"629fdd22a7c3af27c9147179","Brad Hackett","Maximo16@gmail.com","Adonis Neck","1-808-274-0943 x476",46
"629fdd23a7c3af27c914717b","Jarvis Gleichner","Daija.Purdy61@gmail.com","Kulas Rue","1-819-420-2625 x146",84
"629fdd25a7c3af27c914717d","Elinore Rempel","Estelle.Connelly@yahoo.com","Annabell Union","855-246-6494",83
"629fdd26a7c3af27c914717f","Marshall Gislason","Royal36@yahoo.com","Torp Coves","(803) 823-5237",69
"629fdd27a7c3af27c9147181","Lysanne Pollich","Nils.Daugherty@hotmail.com","Destini Road","493.781.8995",44
"629fdd29a7c3af27c9147183","Maxwell Fritsch","Odessa_Bashirian45@hotmail.com","Weimann Point","(607) 454-1405",24
"629fdd2aa7c3af27c9147185","Katarina Boyer","Effie_Kassulke20@yahoo.com","Hintz Hill","537.310.4997 x9513",98
"629fdd2ba7c3af27c9147187","Sebastian Skiles","Arnold.Ernser60@gmail.com","Katheryn Fields","626-983-4712 x1738",49
"629fdd2da7c3af27c9147189","Tara Spencer","Helen_Bechtelar@gmail.com","Lemke Skyway","314.959.3958",31
"629fdd2ea7c3af27c914718b","Aurelie Toy","Chance71@hotmail.com","Rohan Mountain","439-768-2412",85
"629fdd5ea7c3af27c914718d","Adan Bergstrom","Camren.Kub@hotmail.com","Tod Parkways","866.789.3150",15
"629fdd60a7c3af27c914718f","Uriel Lowe","Monique.Terry44@yahoo.com","Queenie Glen","(812) 757-2649 x37304",28
"629fdd61a7c3af27c9147191","Harley Blick","Elenora.Kunze@yahoo.com","Leffler Pines","1-483-682-8269",86
"629fdd62a7c3af27c9147193","Clotilde Trantow","Maya_Roberts@yahoo.com","Batz Trafficway","1-637-280-1810 x595",76
"629fdd64a7c3af27c9147195","Franco Altenwerth","Susie_Dicki25@yahoo.com","Reynolds Creek","647.402.1608",45
"629fdd65a7c3af27c9147197","Ressie Ward","Amie_Purdy43@yahoo.com","Frederick Pass","1-390-785-7848",99
"629fdd67a7c3af27c9147199","Hettie Rohan","Rigoberto34@yahoo.com","Kameron Rapids","959.321.0243",51
"629fdd68a7c3af27c914719b","Lucie Beer","Britney8@yahoo.com","Alexzander Highway","(731) 281-7950",52
"629fdd69a7c3af27c914719d","Marguerite Schmeler","Jonatan88@gmail.com","Erdman Point","(989) 722-5883 x76563",33
"629fdd6ba7c3af27c914719f","Zula Windler","Dessie.Huels86@hotmail.com","Parker Pike","400-442-1809 x369",49